Generation,Diversity
0,0.29565415090275204
1,0.28038355509498103
2,0.26248235414579746
3,0.2558017887894851
4,0.2339323621873485
